Workbook

Sheet Staff List
A1: NO. | B1: POST_CODE | C1: ENG_NAME | D1: CHN_NAME | E1: SEX
A2: 1 | B2: PRO | C2: CHEUNG HOI YING | D2: 張凱盈 | E2: F
A3: 2 | B3: DPRO | C3: LAU YUK FAI | D3: 劉玉輝 | E3: M
A4: 3 | B4: DPRO | C4: TAM CHAK MAN JACKMAN | D4: 譚澤民 | E4: M
A5: 4 | B5: APRO(S) | C5: CHAN WING YI | D5: 陳詠兒 | E5: F
A6: 5 | B6: APRO(IT) | C6: CHUNG CHI SHING | D6: 鍾志成 | E6: M
A7: 6 | B7: APRO | C7: KWOK KIN FONG | D7: 郭建芳 | E7: F
A8: 7 | B8: APRO | C8: LAU SHAO JAM | D8: 劉紹栴 | E8: M
A9: 8 | B9: APRO | C9: LEE WING SUM | D9: 李詠深 | E9: M
A10: 9 | B10: APRO | C10: NG KA MING | D10: 吳嘉銘 | E10: M
A11: 10 | B11: APRO | C11: WONG SAU WAN | D11: 黃秀雲 | E11: F
A12: 11 | B12: PO(S) | C12: MUN SHUK CHING | D12: 文淑貞 | E12: F
A13: 12 | B13: PO | C13: CHAN CHUN MING | D13: 陳俊銘 | E13: M
... A36: 35 | B36: PA | C36: ZHANG XIUYU | D36: 張秀玉 | E36: F

Sheet Roster
C1: 1 | D1: 2 | E1: 3 | F1: 4 | G1: 5 | H1: 6 | I1: 7 | J1: 8 | K1: 9 | L1: 10 | M1: 11 | N1: 12 | O1: 13 | P1: 14 | Q1: 15 | R1: 16 | S1: 17 | T1: 18 | U1: 19 | V1: 20 | W1: 21 | X1: 22 | Y1: 23 | Z1: 24 | AA1: 25 | AB1: 26 | AC1: 27 | AD1: 28 | AE1: 29 | AF1: 30 | AG1: 31 | AH1: 32 | AI1: 33 | AJ1: 34 | AK1: 35
C2: =VLOOKUP(C1,'Staff List'!$A$2:$E$36,2,FALSE) -> PRO | D2: =VLOOKUP(D1,'Staff List'!$A$2:$E$36,2,FALSE) -> DPRO | E2: =VLOOKUP(E1,'Staff List'!$A$2:$E$36,2,FALSE) -> DPRO | F2: =VLOOKUP(F1,'Staff List'!$A$2:$E$36,2,FALSE) -> APRO(S) | G2: =VLOOKUP(G1,'Staff List'!$A$2:$E$36,2,FALSE) -> APRO(IT) | H2: =VLOOKUP(H1,'Staff List'!$A$2:$E$36,2,FALSE) -> APRO | I2: =VLOOKUP(I1,'Staff List'!$A$2:$E$36,2,FALSE) -> APRO | J2: =VLOOKUP(J1,'Staff List'!$A$2:$E$36,2,FALSE) -> APRO | ... AK2: =VLOOKUP(AK1,'Staff List'!$A$2:$E$36,2,FALSE) -> PA
C3: =VLOOKUP(C1,'Staff List'!$A$2:$E$36,4,FALSE) -> 張凱盈 | D3: =VLOOKUP(D1,'Staff List'!$A$2:$E$36,4,FALSE) -> 劉玉輝 | E3: =VLOOKUP(E1,'Staff List'!$A$2:$E$36,4,FALSE) -> 譚澤民 | F3: =VLOOKUP(F1,'Staff List'!$A$2:$E$36,4,FALSE) -> 陳詠兒 | G3: =VLOOKUP(G1,'Staff List'!$A$2:$E$36,4,FALSE) -> 鍾志成 | H3: =VLOOKUP(H1,'Staff List'!$A$2:$E$36,4,FALSE) -> 郭建芳 | I3: =VLOOKUP(I1,'Staff List'!$A$2:$E$36,4,FALSE) -> 劉紹栴 | J3: =VLOOKUP(J1,'Staff List'!$A$2:$E$36,4,FALSE) -> 李詠深 | ... AK3: =VLOOKUP(AK1,'Staff List'!$A$2:$E$36,4,FALSE) -> 張秀玉
A4: 0.3125 | B4: 0.33333333 | C4: PRO | D4: DPRO1 | E4: DPRO2 | F4: APROS | G4: APROIT | H4: APRO3 | I4: APRO4 | J4: APRO5 | K4: APRO2 | L4: APRO1 | M4: POS | N4: PO1 | O4: PO7 | P4: POC | Q4: PO2 | R4: PO6 | S4: PO8 | T4: PO9 | U4: PO10 | V4: PO3 | W4: PO4 | X4: PO11 | Y4: PO12 | Z4: PO13 | AA4: PO5 | AB4: PO14 | AC4: PO15 | AD4: PO16 | AE4: PA1 | AF4: PA2 | AG4: PA3 | AH4: PA4 | AI4: PA5 | AJ4: PA6 | AK4: PA7
A5: 0.33333333 | B5: 0.35416667
A6: 0.35416667 | B6: 0.375
A7: 0.375 | B7: 0.39583333
A8: 0.39583333 | B8: 0.41666667 | AF8: PA3 | AG8: PA2
A9: 0.41666667 | B9: 0.4375
A10: 0.4375 | B10: 0.45833333
A11: 0.45833333 | B11: 0.47916667 | D11: Break | F11: Break | G11: Break | H11: APRO5 | I11: APRO1 | J11: APRO3 | K11: Break | L11: APRO2 | N11: Break | O11: PO1 | P11: Break | Q11: Break | R11: POC | S11: PO8 | T11: PO6 | U11: PO2 | V11: Break | W11: Break | X11: PO3 | Y11: PO4 | Z11: PO10 | AA11: Break | AB11: PO5 | AC11: PO11 | AD11: PO7 | AE11: Break | AF11: Break | AG11: Break | AJ11: PA1 | AK11: PA2
A12: 0.47916667 | B12: 0.5
A13: 0.5 | B13: 0.52083333
A14: 0.52083333 | B14: 0.54166667 | D14: DPRO1 | E14: Break | F14: APROS | G14: APROIT | H14: Break | J14: Break | K14: APRO4 | M14: Break | N14: PO6 | P14: PO7 | Q14: PO12 | S14: Break | T14: Break | V14: PO8 | W14: PO10 | Z14: Break | AA14: PO11 | AC14: Break | AD14: Break | AE14: PA3 | AF14: PA4 | AG14: PA5 | AH14: Break | AI14: Break
A15: 0.54166667 | B15: 0.5625
A16: 0.5625 | B16: 0.58333333
A17: 0.58333333 | B17: 0.60416667 | C17: Break | E17: DPRO2 | H17: APRO1 | I17: Break | J17: APRO2 | K17: APRO5 | L17: Break | M17: POS | N17: PO7 | O17: Break | P17: PO5 | Q17: PO6 | R17: Break | S17: PO1 | T17: POC | U17: Break | X17: Break | Y17: Break | Z17: PO2 | AB17: Break | AC17: PO3 | AD17: PO4 | AH17: PA1 | AI17: PA2 | AJ17: Break | AK17: Break
A18: 0.60416667 | B18: 0.625
A19: 0.625 | B19: 0.64583333
A20: 0.64583333 | B20: 0.66666667 | C20: PRO | I20: APRO3 | L20: APRO4 | O20: PO8 | R20: PO10 | U20: PO16 | V20: PO12 | W20: PO11 | X20: PO14 | Y20: PO15 | AA20: PO13 | AB20: PO9 | AE20: PA5 | AF20: PA6 | AG20: PA7 | AJ20: PA3 | AK20: PA4
A21: 0.66666667 | B21: 0.6875
A22: 0.6875 | B22: 0.70833333
A23: 0.70833333 | B23: 0.72916667 | H23: APRO4 | I23: APRO2 | J23: APRO1 | K23: APRO3 | L23: APRO5 | N23: PO14 | O23: PO1 | P23: PO16 | Q23: PO15 | R23: POC | S23: PO11 | T23: PO6 | U23: PO2 | X23: PO3 | Y23: PO4 | Z23: PO7 | AB23: PO5 | AC23: PO8 | AD23: P10 | AH23: PA3 | AI23: PA4 | AJ23: PA1 | AK23: PA2
A24: 0.72916667 | B24: 0.75
A25: 0.75 | B25: 0.77083333 | D25: Break | G25: Break | H25: Break | K25: Break | N25: Break | P25: Break | Q25: Break | V25: Break | W25: Break | AA25: Break | AE25: Break | AF25: Break | AG25: Break
A26: 0.77083333 | B26: 0.79166667
A27: 0.79166667 | B27: 0.8125 | D27: DPRO1 | E27: Break | G27: APROIT | H27: APRO4 | J27: Break | K27: APRO3 | L27: Break | M27: Break | N27: PO1 | O27: Break | P27: POC | Q27: PO2 | R27: Break | U27: Break | V27: PO3 | W27: PO4 | X27: Break | Y27: Break | AA27: PO5 | AB27: Break | AE27: PA3 | AF27: PA1 | AG27: PA2 | AH27: Break | AI27: Break | AJ27: PA4 | AK27: PA5
A28: 0.8125 | B28: 0.83333333
A29: 0.83333333 | B29: 0.85416667 | C29: Break | E29: DPRO2 | F29: Break | H29: APRO2 | I29: Break | J29: APRO4 | K29: APRO1 | L29: APRO3 | M29: POS | O29: PO12 | R29: PO6 | S29: Break | T29: Break | U29: PO11 | X29: PO10 | Y29: PO8 | Z29: Break | AB29: PO7 | AC29: Break | AD29: Break | AH29: PA4 | AI29: PA5 | AJ29: Break | AK29: Break
A30: 0.85416667 | B30: 0.875
A31: 0.875 | B31: 0.89583333 | C31: PRO | F31: APROS | I31: APRO5 | N31: PO9 | P31: PO16 | Q31: PO15 | S31: PO1 | T31: POC | V31: PO13 | W31: PO14 | Z31: PO2 | AC31: PO3 | AD31: PO4 | AE31: PA5 | AF31: PA6 | AG31: PA7 | AH31: PA1 | AI31: PA2 | AJ31: PA3 | AK31: PA4
A32: 0.89583333 | B32: 0.91666667
A33: 0.91666667 | B33: 0.9375 | P33: PO5 | Q33: PO6 | R33: PO15 | AA33: PO16
A34: 0.9375 | B34: 0.95833333
A35: 0.95833333 | B35: 0.97916667
D36: Ballot (Police) | E36: FC (Back-up) | H36: MC (Back-up) | I36: FC | J36: Ballot (Back-up) | K36: Ballot (Station) | L36: MC
